variavel,Podcast_Name,n,media,mediana,desvio,freq_pct,Genre,Publication_Day,Publication_Time,Episode_Sentiment,Episode_Title
Podcast_Name,Melody Mix,18889,48.10555321774578,46.92621,27.717263300418843,2.519,,,,,
Podcast_Name,Money Matters,13380,47.88388253064275,45.93774,27.56358978630902,1.784,,,,,
Podcast_Name,Crime Chronicles,17374,47.67894817313227,45.45257,28.636859892423107,2.317,,,,,
Podcast_Name,Business Briefs,17012,47.121102945567834,45.57045,26.504573800002444,2.268,,,,,
Podcast_Name,Study Sessions,13053,47.04778003217651,44.30924,28.762170702873714,1.74,,,,,
Podcast_Name,Gadget Geek,14770,47.02773935748138,45.00584,28.358482663363077,1.969,,,,,
Podcast_Name,Sports Weekly,20053,46.96599734852641,45.71223,25.52409196102075,2.674,,,,,
Podcast_Name,Tune Time,17254,46.89812257099803,43.64458,27.08755137400199,2.301,,,,,
Podcast_Name,Mind & Body,13639,46.84007788034314,45.97726,27.76173983191794,1.819,,,,,
Podcast_Name,Detective Diaries,17452,46.75503516502407,45.039609999999996,26.865087896681253,2.327,,,,,
Podcast_Name,Athlete's Arena,17327,46.634790940151206,46.44049,26.598116273910996,2.31,,,,,
Podcast_Name,Home & Living,14686,46.39559786122838,45.01376,26.123234510965844,1.958,,,,,
Podcast_Name,True Crime Stories,16373,46.261465641605085,44.78122,27.03686251252964,2.183,,,,,
Podcast_Name,Market Masters,13092,46.15944954628781,43.545455,27.675227780311307,1.746,,,,,
Podcast_Name,Tech Talks,22847,46.15922418348142,43.37946,28.091935138384535,3.046,,,,,
Podcast_Name,Music Matters,12652,46.08915354963642,42.95306,28.27491365662966,1.687,,,,,
Podcast_Name,Mystery Matters,16002,46.018360613673295,43.443675,27.425868563688745,2.134,,,,,
Podcast_Name,Wellness Wave,15009,45.924298628156436,44.66059,27.114679126585127,2.001,,,,,
Podcast_Name,Innovators,12913,45.87042657244638,43.78,27.16969783706751,1.722,,,,,
Podcast_Name,Humor Hub,16144,45.82656846630327,44.608525,26.66824025419652,2.153,,,,,
Podcast_Name,Learning Lab,12291,45.72153625986494,44.60957,26.90456877750384,1.639,,,,,
Podcast_Name,Daily Digest,13391,45.69765708162198,43.79774,26.591550380684772,1.785,,,,,
Podcast_Name,Fitness First,19488,45.6236023953202,45.27702,26.935637324326787,2.598,,,,,
Podcast_Name,Educational Nuggets,12245,45.57456099305839,43.956,27.282600574902506,1.633,,,,,
Podcast_Name,Lifestyle Lounge,16661,45.55184014044775,43.14239,27.707067800835244,2.221,,,,,
Podcast_Name,Fashion Forward,17280,45.463453674189815,44.327725,28.28227818189662,2.304,,,,,
Podcast_Name,Global News,13649,45.4339420455711,43.27,26.115520197691097,1.82,,,,,
Podcast_Name,Life Lessons,14464,45.30023533600664,42.894295,26.931707356862272,1.929,,,,,
Podcast_Name,Health Hour,11114,45.21231335252834,43.4075,27.71048868332828,1.482,,,,,
Podcast_Name,Funny Folks,19635,45.09001027298192,41.92644,27.417574199496826,2.618,,,,,
Podcast_Name,Style Guide,19364,45.0736462895063,42.65425,26.639277024542068,2.582,,,,,
Podcast_Name,Healthy Living,12198,44.972032356943764,42.68413,26.118134670222496,1.626,,,,,
Podcast_Name,Digital Digest,16171,44.76923695318781,42.05445,27.73393659426672,2.156,,,,,
Podcast_Name,Sport Spot,14778,44.70558380227365,43.399915,25.73752304362448,1.97,,,,,
Podcast_Name,Sound Waves,13928,44.57401199956921,42.858019999999996,26.741855771830206,1.857,,,,,
Podcast_Name,Tech Trends,19549,44.555054505601305,40.55107,27.884267657306193,2.607,,,,,
Podcast_Name,Brain Boost,11543,44.40965067833319,42.68413,26.51135388763746,1.539,,,,,
Podcast_Name,Laugh Line,14673,44.318328131261495,41.65858,26.147981305071788,1.956,,,,,
Podcast_Name,Business Insights,19480,44.213344022587265,41.968149999999994,26.439288532118425,2.597,,,,,
Podcast_Name,Game Day,19272,44.109968281963475,42.284885,26.217954771015012,2.57,,,,,
Podcast_Name,World Watch,14043,44.1039771914833,42.48814,26.872161773406674,1.872,,,,,
Podcast_Name,Comedy Corner,15927,43.930313746468265,41.46575,26.877233037218943,2.124,,,,,
Podcast_Name,Criminal Minds,17735,43.548437747392164,41.23448,26.97558861840094,2.365,,,,,
Podcast_Name,Current Affairs,13138,43.53496198355914,40.169595,27.04585006239623,1.752,,,,,
Podcast_Name,Finance Focus,17628,43.23308640458362,40.80331,26.97851470154788,2.35,,,,,
Podcast_Name,News Roundup,9169,42.70749529501581,39.04775,27.577197875150045,1.223,,,,,
Podcast_Name,Joke Junction,15074,42.640908867586575,39.99829,27.267634039637237,2.01,,,,,
Podcast_Name,Sports Central,16191,41.80034794947811,39.94506,26.181978375144084,2.159,,,,,
Genre,,62743,46.578393580479094,44.22,27.475405118815765,8.366,Music,,,,
Genre,,85059,46.04250670699162,44.06049,27.426367629317923,11.341,True Crime,,,,
Genre,,71416,45.741412706956424,44.51089,27.124951572905463,9.522,Health,,,,
Genre,,49100,45.73663988900204,43.942355,27.432706247015897,6.547,Education,,,,
Genre,,86256,45.63474883266092,42.89973,27.904583486208796,11.501,Technology,,,,
Genre,,80521,45.53815073173458,43.30314,27.01629213581775,10.736,Business,,,,
Genre,,82461,45.52311683062296,43.5339,27.172606463209252,10.995,Lifestyle,,,,
Genre,,87606,44.93572207314567,43.467305,26.117835339131684,11.681,Sports,,,,
Genre,,81453,44.42644050581317,41.94508,26.935075705246835,10.86,Comedy,,,,
Genre,,63385,44.4061441579238,42.00382,26.8086209196071,8.451,News,,,,
Publication_Day,,98103,46.13141133370029,44.41063,27.150113207791545,13.08,,Tuesday,,,
Publication_Day,,111963,45.969629823691754,44.22934,26.63118193618244,14.928,,Monday,,,
Publication_Day,,107886,45.80717689069944,44.50537,27.0458697143108,14.385,,Wednesday,,,
Publication_Day,,103505,45.32677476730592,42.25778,27.355688836318414,13.801,,Saturday,,,
Publication_Day,,108237,45.20659094708833,42.89431,27.202850051694668,14.432,,Friday,,,
Publication_Day,,104360,44.869705519547715,42.231935,27.823074335130553,13.915,,Thursday,,,
Publication_Day,,115946,44.817398145688514,42.84159,26.79005879337478,15.459,,Sunday,,,
Publication_Time,,196849,46.456654660933005,44.83102,26.962000575892443,26.247,,,Night,,
Publication_Time,,179460,45.525603481500056,43.554655,27.341756395526545,23.928,,,Afternoon,,
Publication_Time,,177913,44.964414764013874,42.5037,27.29010975563569,23.722,,,Morning,,
Publication_Time,,195778,44.76156656033875,42.45311,26.957538601939163,26.104,,,Evening,,
Episode_Sentiment,,248593,46.723814785050266,44.92842,27.731117417110244,33.146,,,,Positive,
Episode_Sentiment,,251291,45.499109605716086,43.46847,26.69437912193206,33.505,,,,Neutral,
Episode_Sentiment,,250116,44.096837768515414,42.00041,26.920785064144876,33.349,,,,Negative,
Episode_Title,,5117,51.22169018565566,51.47156,27.14447691182142,0.682,,,,,Episode 25
Episode_Title,,6843,50.5510253441473,50.2,26.821645579218963,0.912,,,,,Episode 45
Episode_Title,,8342,49.34387612562934,48.15244,27.808165229413085,1.112,,,,,Episode 54
Episode_Title,,7338,49.30681434859635,48.298159999999996,26.63379092272656,0.978,,,,,Episode 59
Episode_Title,,10292,49.26967587543723,46.534175000000005,28.900556701295418,1.372,,,,,Episode 31
Episode_Title,,8077,49.10070043456729,50.03283,26.712675605982476,1.077,,,,,Episode 32
Episode_Title,,7912,49.0004650846815,48.674165,27.01697276066826,1.055,,,,,Episode 35
Episode_Title,,10515,48.8205599020447,48.27337,27.274847188026268,1.402,,,,,Episode 71
Episode_Title,,9991,48.54915096286658,46.10042,27.284907924214707,1.332,,,,,Episode 61
Episode_Title,,7317,48.06746218122181,48.11281,27.03759195478601,0.976,,,,,Episode 56
Episode_Title,,4965,48.00762609063444,47.83087,25.026259096316238,0.662,,,,,Episode 41
Episode_Title,,7537,47.98536872363009,45.81732,28.383011656287756,1.005,,,,,Episode 20
Episode_Title,,7180,47.847588337047355,46.3256,28.01431147456278,0.957,,,,,Episode 15
Episode_Title,,6366,47.68983820295319,46.08274,25.46084122041435,0.849,,,,,Episode 5
Episode_Title,,8187,47.640191839501654,46.16,25.35703264527693,1.092,,,,,Episode 24
Episode_Title,,5171,47.512450032875655,45.47466,27.729968830303935,0.689,,,,,Episode 17
Episode_Title,,6454,47.41752532228075,44.88807,27.982166046684934,0.861,,,,,Episode 10
Episode_Title,,8090,47.396574140914716,46.26742,26.661883530627723,1.079,,,,,Episode 29
Episode_Title,,7261,47.37922005508884,45.51741,27.282964844352186,0.968,,,,,Episode 75
Episode_Title,,5420,47.30090253136532,48.0003,27.12676877003059,0.723,,,,,Episode 44
Episode_Title,,6154,47.12713338154046,47.67423,25.193124934968992,0.821,,,,,Episode 22
Episode_Title,,8978,46.965489277121854,44.37,27.588328027277417,1.197,,,,,Episode 65
Episode_Title,,6154,46.95480453851154,45.29213,27.19855193275486,0.821,,,,,Episode 57
Episode_Title,,6694,46.90429863011652,45.39862,27.288069639476653,0.893,,,,,Episode 55
Episode_Title,,5922,46.854840101317116,44.382279999999994,26.576186621782444,0.79,,,,,Episode 1
Episode_Title,,6751,46.75957620648793,45.7567,25.865275433360043,0.9,,,,,Episode 9
Episode_Title,,6999,46.70307465352193,46.28,27.049782796614075,0.933,,,,,Episode 40
Episode_Title,,6924,46.68232472559214,44.74844,27.941296419973902,0.923,,,,,Episode 74
Episode_Title,,8902,46.483107890361715,45.960735,26.71247998294868,1.187,,,,,Episode 34
Episode_Title,,6738,46.45841546749777,44.194355,27.328645427018337,0.898,,,,,Episode 11
Episode_Title,,6380,46.44456081034483,43.548564999999996,27.61353636617571,0.851,,,,,Episode 76
Episode_Title,,6543,46.42891625859698,44.4231,27.595823791227318,0.872,,,,,Episode 14
Episode_Title,,6371,46.42135134986658,47.06064,27.516383063951707,0.849,,,,,Episode 60
Episode_Title,,6715,46.40110406850335,46.0,26.014866564402436,0.895,,,,,Episode 21
Episode_Title,,7538,46.37481600424516,44.47589,28.477967574313574,1.005,,,,,Episode 84
Episode_Title,,7837,46.290612230445326,45.65051,25.522039563198074,1.045,,,,,Episode 12
Episode_Title,,7781,46.27659453026603,45.02271,27.134358046469675,1.037,,,,,Episode 30
Episode_Title,,6533,46.243980754630336,43.57109,28.030340695288633,0.871,,,,,Episode 92
Episode_Title,,7722,46.162666307951305,44.67954,26.525256421916215,1.03,,,,,Episode 26
Episode_Title,,7964,46.12397710823707,46.75181,27.00140429354868,1.062,,,,,Episode 46
Episode_Title,,8046,46.06467029082774,45.33258,27.54647945902692,1.073,,,,,Episode 58
Episode_Title,,6993,46.0090072029172,42.54235,27.0417727625707,0.932,,,,,Episode 6
Episode_Title,,5919,45.96877178577462,43.92308,27.98140702634693,0.789,,,,,Episode 93
Episode_Title,,8304,45.92188535163776,45.57175,26.550822576557188,1.107,,,,,Episode 49
Episode_Title,,9527,45.868213633882654,44.42807,27.73029223681534,1.27,,,,,Episode 33
Episode_Title,,4838,45.82688763331956,42.33477,27.627289365396145,0.645,,,,,Episode 95
Episode_Title,,7144,45.6916801693729,44.88331,27.50128685685682,0.953,,,,,Episode 36
Episode_Title,,7631,45.333597162888225,44.68448,26.585282036956908,1.017,,,,,Episode 47
Episode_Title,,9741,45.33015440714506,41.75601,29.22972710792928,1.299,,,,,Episode 81
Episode_Title,,7581,45.24786812161984,45.06866,26.413189541558726,1.011,,,,,Episode 42
Episode_Title,,6950,45.19602410503597,41.79476,27.093733503976043,0.927,,,,,Episode 90
Episode_Title,,8985,45.192973761825264,42.7845,27.604335908570135,1.198,,,,,Episode 51
Episode_Title,,8381,45.15314686194965,40.66366,28.631110955474945,1.117,,,,,Episode 67
Episode_Title,,8479,45.04992755513622,42.83482,27.24147787086617,1.131,,,,,Episode 86
Episode_Title,,7561,45.04555263324957,42.80992,27.015633837922316,1.008,,,,,Episode 28
Episode_Title,,7690,44.84044304161249,42.06122,24.65641324038572,1.025,,,,,Episode 8
Episode_Title,,9270,44.83060504854369,42.28524,27.451022111485482,1.236,,,,,Episode 99
Episode_Title,,7938,44.81984509322247,40.97399,27.867023336678923,1.058,,,,,Episode 70
Episode_Title,,6348,44.66091460144928,42.91748,29.04260554417655,0.846,,,,,Episode 100
Episode_Title,,9864,44.644998799675584,42.33889,27.56330135782148,1.315,,,,,Episode 69
Episode_Title,,8127,44.60644407161314,44.88693,26.740668503428434,1.084,,,,,Episode 48
Episode_Title,,6763,44.594290839863966,40.7791,27.60813423236452,0.902,,,,,Episode 94
Episode_Title,,6025,44.57752547385892,43.24754,26.428207357241348,0.803,,,,,Episode 16
Episode_Title,,7448,44.56760471535983,41.45773,27.210066431089178,0.993,,,,,Episode 85
Episode_Title,,7570,44.5416178665786,41.08966,27.461043076445716,1.009,,,,,Episode 87
Episode_Title,,7825,44.52014750415336,42.77097,25.96039029878504,1.043,,,,,Episode 88
Episode_Title,,9554,44.4861101978229,41.66396,25.132618559431116,1.274,,,,,Episode 72
Episode_Title,,4940,44.454228070850206,44.61364,26.98585629567321,0.659,,,,,Episode 37
Episode_Title,,7356,44.454082690320824,40.94623,28.25363627553868,0.981,,,,,Episode 66
Episode_Title,,7379,44.43040414690338,41.66744,25.26023783817363,0.984,,,,,Episode 18
Episode_Title,,6385,44.38406168206735,42.64536,27.914120311256195,0.851,,,,,Episode 53
Episode_Title,,9762,44.3079724585126,40.924364999999995,26.825182782309277,1.302,,,,,Episode 23
Episode_Title,,6975,44.24518631111111,41.99255,26.635969355387243,0.93,,,,,Episode 91
Episode_Title,,6720,44.167109589285715,41.886075000000005,27.599693412260606,0.896,,,,,Episode 96
Episode_Title,,7212,44.07821534387133,41.9888,26.528448865890397,0.962,,,,,Episode 13
Episode_Title,,8377,44.06970706100036,40.35665,27.965229385507474,1.117,,,,,Episode 82
Episode_Title,,7331,44.047828926476605,39.00141,27.879571894718325,0.977,,,,,Episode 68
Episode_Title,,7577,43.99663359113105,40.37,26.61289010894703,1.01,,,,,Episode 19
Episode_Title,,7028,43.95741951479795,38.91788,26.351943082756303,0.937,,,,,Episode 89
Episode_Title,,6521,43.81321410519859,41.7915,25.504278024461662,0.869,,,,,Episode 97
Episode_Title,,6702,43.73157104148015,43.36103,28.951050880584226,0.894,,,,,Episode 50
Episode_Title,,8176,43.60739043052837,40.218665,27.285251230302993,1.09,,,,,Episode 52
Episode_Title,,8846,43.54461458851458,41.07708,26.15606791896581,1.179,,,,,Episode 80
Episode_Title,,7849,43.378319568097844,39.1,26.835907018874604,1.047,,,,,Episode 27
Episode_Title,,8409,43.2758932536568,44.66533,26.28429489096484,1.121,,,,,Episode 43
Episode_Title,,8600,43.259166609302326,39.698755,27.893957722334243,1.147,,,,,Episode 83
Episode_Title,,6117,43.15250970083374,40.91623,26.53041292196558,0.816,,,,,Episode 39
Episode_Title,,9470,42.949545196409716,38.59876,27.319198789596435,1.263,,,,,Episode 79
Episode_Title,,10373,42.942350202448665,39.05278,27.49649496263223,1.383,,,,,Episode 62
Episode_Title,,9249,42.89691438533896,39.76936,27.53526308282283,1.233,,,,,Episode 78
Episode_Title,,8251,42.85435011756151,38.76517,27.329266031018545,1.1,,,,,Episode 73
Episode_Title,,6369,42.831024700894964,41.10132,24.267760196972407,0.849,,,,,Episode 7
Episode_Title,,5134,42.70103498831321,40.41602,26.26396102525559,0.685,,,,,Episode 2
Episode_Title,,7000,42.54867781428571,42.439499999999995,26.02039753954959,0.933,,,,,Episode 4
Episode_Title,,9686,42.515516939913276,38.81688,27.477419414359424,1.291,,,,,Episode 64
Episode_Title,,6909,42.36837118541033,41.20047,25.619669039837838,0.921,,,,,Episode 38
Episode_Title,,6232,42.0929110093068,39.739895000000004,25.9482830653856,0.831,,,,,Episode 77
Episode_Title,,5902,41.31195225177906,37.45874,26.790402240940693,0.787,,,,,Episode 98
Episode_Title,,6943,41.22542355033847,39.00051,25.982801237292822,0.926,,,,,Episode 3
Episode_Title,,9743,40.62112211947039,35.22452,26.464359920003478,1.299,,,,,Episode 63
