feature,pearson_vs_alvo,spearman_vs_alvo,r2_com_a_feature,ganho_de_r2
Ads_por_minuto,-0.4517053121138438,-0.4279929424668249,0.7585282012446275,0.0007815615691579847
Length_Ausente,-0.03050553032823008,-0.029213102865388346,0.7583733257159384,0.0006266860404688934
Length_x_Host_Pop,0.6780570400978172,0.7041255101157694,0.7581858090676639,0.0004391693921943496
Sentimento_ord,0.03941936278707865,0.03705277257800804,0.7580152520838024,0.0002686124083328689
Sem_Convidado,-0.002834293151102073,-0.000828453650537319,0.7577616891649559,1.504948948638507e-05
Publication_Time_ord,0.015549887923576073,0.01729260247399017,0.7577497968822742,3.157206804660362e-06
Episode_Num,-0.0173616018797697,-0.021839334008551415,0.7577477883948271,1.148719357635386e-06
Is_Weekend,-0.009018594668793935,-0.010021605583820144,0.7577475642095504,9.245340808483604e-07
Pop_Diferenca,0.045126501391111254,0.04052729367658797,0.7577466396754694,-1.1102230246251565e-16
Pop_Media,0.022966428981716046,0.019896381885977973,0.7577466396754694,-1.1102230246251565e-16
