feature,aumento_de_rmse,desvio
Episode_Length_minutes,21.063652916178228,0.1554306218715243
Ads_por_minuto,0.5265693046944222,0.029778843283393124
Host_Popularity_percentage,0.1728026056837237,0.008154197192678804
Guest_Popularity_percentage,0.03002996436962313,0.004355789136552282
Episode_Title_te,0.028344133773203595,0.008211657389644626
Sentimento_ord,0.019922380727557254,0.005187305777816739
Length_Ausente,0.015831896170332628,0.004356730578154033
Podcast_Name_te,0.01328291455107582,0.004867407858050946
Genre_Technology,0.005667764291398569,0.0024075232169320482
Sem_Convidado,0.002473652537431903,0.00034801052736017907
Publication_Day_Saturday,0.0022613468194371935,0.000789660097529516
Publication_Day_Wednesday,0.001978565679569755,0.0037380997945088003
Genre_Sports,0.0017820943102588415,0.00169427428352344
Publication_Day_Thursday,0.0015586044774337892,0.003655376737709877
Publication_Day_Sunday,0.0005200705155843366,0.0021990360917874745
Publication_Day_Monday,0.000451953895881374,0.00035430930208835105
Genre_Lifestyle,0.00015035014116335788,0.00011796004005386756
Episode_Num,9.690314532626588e-05,0.008276092225093214
Genre_News,-1.7734244512368492e-05,0.000381385003237681
Genre_Comedy,-4.108396887048116e-05,0.0002932211345049967
Genre_Education,-0.0007607538289455817,0.0006630562727266426
Publication_Day_Tuesday,-0.0007947700412714199,0.0005027669215578662
Genre_Music,-0.0010463562081799438,0.0005357218547523768
Number_of_Ads,-0.0013118606855346826,0.0014507954095104199
Genre_True Crime,-0.0022233438378272295,0.0015439142337029784
Genre_Health,-0.002247026259261631,0.0011091675143796063
Publication_Time_ord,-0.0033769595928873743,0.0036248983066197523
