feature,r2_contra_as_outras,vif
Ads_por_minuto,0.5165771068165876,2.0685822167312966
Genre_Comedy,0.4664215362898335,1.8741386094308112
Genre_Sports,0.4651746747060911,1.869769348432515
Genre_True Crime,0.4566622115557383,1.8404757063985895
Genre_Technology,0.45494264779711824,1.8346693168314132
Genre_Lifestyle,0.4452309355800055,1.802551843883887
Publication_Day_Sunday,0.42915577025840135,1.751791378276111
Publication_Day_Monday,0.4224325287783517,1.7313994465180644
Genre_Health,0.4152505357126147,1.7101341019930079
Publication_Day_Wednesday,0.4151799915761992,1.7099278164151512
Genre_News,0.41198195782797276,1.7006280900942927
Publication_Day_Thursday,0.4088703429002557,1.6916762473165257
Publication_Day_Saturday,0.40725944566596994,1.6870787609994793
Genre_Music,0.40629173114077977,1.6843289077335042
Publication_Day_Tuesday,0.3969081687406737,1.658122276191145
Number_of_Ads,0.35172629703525216,1.542558329030938
Genre_Education,0.3360870541732216,1.5062215705926454
Episode_Length_minutes,0.32035379592778435,1.4713537631908045
Podcast_Name_te,0.20803523296262183,1.2626824343977454
Episode_Title_te,0.055748116878514664,1.0590394553349725
Episode_Num,0.05359230050464392,1.056627075765783
Length_Ausente,0.01926240795480838,1.0196407358207198
Sem_Convidado,0.007721824478689632,1.007781915060898
Guest_Popularity_percentage,0.003051720111546974,1.0030610616148397
Host_Popularity_percentage,0.002571720356101981,1.0025783511542505
Sentimento_ord,0.0014777214744345901,1.0014799083668084
Publication_Time_ord,0.0007218030119453545,1.000722324387864
